id,nome,marca
1,2009 Audi A3,Audi
2,2009 Audi A5,Audi
3,2009 Audi Q7,Audi
4,2009 Audi A4 Sedan,Audi
5,2012 Acura TL,Acura
6,2010 BMW X5,BMW
7,2011 BMW X5,BMW
8,2010 BMW X6,BMW
9,2011 BMW X6,BMW
10,2012 Chevrolet Colorado,Chevrolet
11,2011 Chevrolet Colorado,Chevrolet
12,2010 Chevrolet Colorado,Chevrolet
13,2012 Chevrolet Express,Chevrolet
14,2011 Chevrolet Express,Chevrolet
15,2010 Chevrolet Express,Chevrolet
16,2011 Chevrolet Silverado 1500,Chevrolet
17,2010 Chevrolet Silverado 1500,Chevrolet
18,2011 Nissan 370Z Coupe,Nissan
19,2010 Nissan 370Z Coupe,Nissan
20,2009 Nissan 370Z Coupe,Nissan
21,2011 Volvo C30,Volvo
22,2010 Volvo C30,Volvo
23,2010 Bentley Brooklands,Bentley
24,2012 Bentley Continental Supersports Convertible,Bentley
25,2012 Bentley Continental Supersports Coupe,Bentley
26,2011 Bentley Continental Supersports Convertible,Bentley
27,2010 Bentley Continental Supersports,Bentley
28,2012 Bentley Continental Flying Spur,Bentley
29,2011 Bentley Continental Flying Spur,Bentley
30,2010 Bentley Continental Flying Spur,Bentley
31,2011 Volvo C70,Volvo
32,2010 Volvo C70,Volvo
33,2010 Volvo S40,Volvo
34,2011 Volvo S40,Volvo
35,2012 Volvo S60,Volvo
36,2011 Volvo S60,Volvo
37,2011 Volvo S80,Volvo
38,2010 Volvo S80,Volvo
39,2011 Volvo V50,Volvo
40,2010 Volvo V50,Volvo
41,2011 Volvo XC60,Volvo
42,2010 Volvo XC60,Volvo
43,2011 Volvo XC70,Volvo
44,2010 Volvo XC70,Volvo
45,2011 Toyota 4Runner,Toyota
46,2011 Volvo XC90,Volvo
47,2010 Volvo XC90,Volvo
48,2010 Volvo V70,Volvo
49,2010 Toyota 4Runner,Toyota
50,2012 Audi A3,Audi
51,2010 Honda Accord Coupe,Honda
52,2011 Nissan 370Z Roadster,Nissan
53,2010 Nissan 370Z Roadster,Nissan
54,2011 Audi A3,Audi
55,2010 Audi A3,Audi
56,2012 Audi A4 Sedan,Audi
57,2011 Audi A4 Sedan,Audi
58,2012 Ford Fiesta Sedan,Ford
59,2011 Ford Fiesta Sedan,Ford
60,2010 Audi A4 Sedan,Audi
61,2012 Audi A4 Avant,Audi
62,2011 Audi A4 Avant,Audi
63,2010 Audi A4 Avant,Audi
64,2011 Honda Accord Coup,Honda
65,2012 Ford Fiesta Hatchback,Ford
66,2011 Ford Fiesta Hatchback,Ford
67,2010 Honda Accord Sedan,Honda
68,2011 Toyota Avalon,Toyota
69,2010 Toyota Avalon,Toyota
70,2011 Toyota Camry,Toyota
71,2012 Ford Focus Sedan,Ford
72,2011 Ford Focus Sedan,Ford
73,2010 Ford Focus Sedan,Ford
74,2011 Nissan Altima Coupe,Nissan
75,2012 Volvo S80,Volvo
76,2012 Volvo XC60,Volvo
77,2012 Volvo XC70,Volvo
78,2012 Volvo XC90,Volvo
79,2010 Nissan Altima Coupe,Nissan
80,2010 Toyota Camry,Toyota
81,2012 Bentley Continental GT,Bentley
82,2010 Bentley Continental GT,Bentley
83,2010 Ford Focus Coupe,Ford
84,2011 Bentley Continental GTC,Bentley
85,2010 Bentley Continental GTC,Bentley
86,2010 Bentley Azure T,Bentley
87,2011 Toyota Corolla,Toyota
88,2010 Rolls-Royce Ghost,Rolls-Royce
89,2011 Audi A5 Cabriolet,Audi
90,2010 Audi A5 Cabriolet,Audi
91,2010 Rolls-Royce Phantom Sedan,Rolls-Royce
92,2012 Audi A5 Coupe,Audi
93,2010 Rolls-Royce Phantom Coupe,Rolls-Royce
94,2011 Audi A5 Coupe,Audi
95,2010 Audi A5 Coupe,Audi
96,2010 Rolls-Royce Phantom Drophead Coupe,Rolls-Royce
97,2011 Rolls-Royce Ghost,Rolls-Royce
98,2011 Rolls-Royce Phantom Sedan,Rolls-Royce
99,2011 Honda Accord Sedan,Honda
100,2011 Rolls-Royce Phantom Coupe,Rolls-Royce
101,2011 Rolls-Royce Phantom Drophead Coupe,Rolls-Royce
102,2011 Volkswagen Jetta,Volkswagen
103,2010 Toyota Corolla,Toyota
104,2011 Toyota FJ Cruiser,Toyota
105,2012 Audi A6 Sedan,Audi
106,2011 Audi A6 Sedan,Audi
107,2010 Volkswagen Jetta,Volkswagen
108,2010 Toyota FJ Cruiser,Toyota
109,2011 Toyota Highlander,Toyota
110,2010 Toyota Highlander,Toyota
111,2011 Honda Accord Crosstour Hatchback,Honda
112,2011 Toyota Land Cruiser,Toyota
113,2010 Toyota Land Cruiser,Toyota
114,2011 Toyota Matrix,Toyota
115,2010 Maybach 57,Maybach
116,2011 Maybach 57,Maybach
117,2010 Maybach 62,Maybach
118,2011 Maybach 62,Maybach
119,2009 Maybach Landaulet,Maybach
120,2010 Maybach Landaulet,Maybach
121,2011 Maybach Landaulet,Maybach
122,2010 Toyota Matrix,Toyota
123,2010 Toyota Matrix,Nissan
124,2011 Nissan Armada,Nissan
125,2011 Volkswagen Jetta SportWagen,Volkswagen
126,2011 Chevrolet Aveo,Chevrolet
127,2010 Volkswagen CC,Volkswagen
128,2010 Audi A6 Sedan,Audi
129,2011 Chevrolet Aveo5,Chevrolet
130,2011 Audi A6 Avant,Audi
131,2010 Audi A6 Avant,Audi
132,2012 Audi A7,Audi
133,2011 Audi A8,Audi
134,2010 Nissan Armada,Nissan
135,2010 Audi A8,Audi
136,2011 Nissan Cube,Nissan
137,2010 Nissan Cube,Nissan
138,2012 Audi Q5,Audi
139,2011 Audi Q5,Audi
140,2010 Honda Accord Crosstour Hatchback,Honda
141,2010 Audi Q5,Audi
142,2009 Audi Q5,Audi
143,2011 Honda Civic Coup,Honda
144,2012 Audi Q7,Audi
145,2010 Lamborghini Gallardo Coupe,Lamborghini
146,2010 Chevrolet Aveo5,Chevrolet
147,2010 Lexus LS,Lexus
148,2011 Lamborghini Gallardo Coupe,Lamborghini
149,2012 Hyundai Accent Hatchback,Hyundai
150,2011 Lexus LS,Lexus
151,2011 Hyundai Accent Hatchback,Hyundai
152,2010 Hyundai Accent Hatchback,Hyundai
153,2012 Hyundai Accent Sedan,Hyundai
154,2011 Hyundai Accent Sedan,Hyundai
155,2010 Hyundai Accent Sedan,Hyundai
156,2011 Hyundai Azera,Hyundai
157,2010 Hyundai Azera,Hyundai
158,2011 Audi Q7,Audi
159,2010 Audi Q7,Audi
160,2011 Toyota RAV4,Toyota
161,2009 Nissan Cube,Nissan
162,2012 Chevrolet Camaro Convertible,Chevrolet
163,2011 Nissan Juke,Nissan
164,2011 Chevrolet Camaro Convertible,Chevrolet
165,2010 Mercedes-Benz C-Class,Mercedes
166,2010 BMW 1 Series Convertible,BMW Motorrad
167,2010 BMW 1 Series Convertible,BMW
168,2012 Chevrolet Camaro Coupe,Chevrolet
169,2012 Hyundai Elantra Sedan,Hyundai
170,2011 Hyundai Elantra Sedan,Hyundai
171,2010 Hyundai Elantra Sedan,Hyundai
172,2012 Ford Fusion,Ford
173,2011 Volkswagen CC,Volkswagen
174,2011 Ford Fusion,Ford
175,2010 Ford Fusion,Ford
176,2011 Kia Forte,Kia
177,2011 Kia Forte 5-Door,Kia
178,2011 Kia Forte Koup,Kia
179,2011 Audi R8 Coupe,Audi
180,2010 Kia Forte,Kia
181,2012 Audi R8 Coupe,Audi
182,2012 Hyundai Elantra Touring,Hyundai
183,2011 Hyundai Elantra Touring,Hyundai
184,2010 Hyundai Elantra Touring,Hyundai
185,2009 Hyundai Elantra Touring,Hyundai
186,2011 Hyundai Equus,Hyundai
187,2012 Hyundai Genesis Sedan,Hyundai
188,2010 Kia Forte Koup,Kia
189,2011 Kia Optima,Kia
190,2010 Honda Civic Coup,Honda
191,2011 Kia Optima Hybrid,Kia
192,2010 Kia Optima,Kia
193,2011 Kia Rio,Kia
194,2011 Hyundai Genesis Sedan,Hyundai
195,2010 Hyundai Genesis Sedan,Hyundai
196,2012 Hyundai Genesis Coupe,Hyundai
197,2011 Hyundai Genesis Coupe,Hyundai
198,2010 Hyundai Genesis Coupe,Hyundai
199,2010 Mercedes-Benz C-Class,AMG
200,2010 Volkswagen GTI 2-Door,Volkswagen
201,2011 Volkswagen GTI 2-Door,Volkswagen
202,2012 Ford Mustang Coup,Ford
203,2012 Ford Mustang Convertible,Ford
204,2011 Ford Mustang Convertible,Ford
205,2011 Ford Mustang Coup,Ford
206,2011 Mercedes-Benz C-Class,Mercedes
207,2011 Mercedes-Benz C-Class,AMG
208,2011 Kia Rio5,Kia
209,2010 Kia Rio5,Kia
210,2011 Volkswagen GTI 4-Door,Volkswagen
211,2010 Kia Rio,Kia
212,2011 Kia Soul,Kia
213,2011 Chevrolet Camaro Coupe,Chevrolet
214,2010 Ford Mustang Coup,Ford
215,2010 Kia Soul,Kia
216,2010 Ford Mustang Convertible,Ford
217,2010 Audi R8 Coupe,Audi
218,2012 Kia Sedona,Kia
219,2012 Ford Mustang Shelby GT500 Convertible,Ford
220,2012 Ford Mustang Shelby GT500 Coupe,Ford
221,2011 Ford Mustang Shelby GT500 Convertible,Ford
222,2011 Ford Shelby GT500 Coupe,Ford
223,2010 Ford Mustang Shelby GT500 Coupe,Ford
224,2010 Ford Mustang Shelby GT500 Convertible,Ford
225,2011 Kia Sedona,Kia
226,2010 Kia Sedona,Kia
227,2011 Audi R8 Spyder,Audi
228,2010 Volkswagen GTI 4-Door,Volkswagen
229,2012 Kia Sorento,Kia
230,2012 Audi S4 Sedan,Audi
231,2010 Chevrolet Camaro Coupe,Chevrolet
232,2011 Audi S4 Sedan,Audi
233,2011 Kia Sorento,Kia
234,2012 Kia Sportage,Kia
235,2010 Volkswagen Golf 2-Door,Volkswagen
236,2011 Kia Sportage,Kia
237,2010 Audi S4 Sedan,Audi
238,2010 Kia Sportage,Kia
239,2010 Honda Civic Sedan,Honda
240,2011 Nissan Pathfinder,Nissan
241,2011 Hyundai Santa Fe,Hyundai
242,2010 Hyundai Santa Fe,Hyundai
243,2012 Ford Taurus,Ford
244,2011 Ford Taurus,Ford
245,2010 Ford Taurus,Ford
246,2010 Volkswagen Golf 4-Door,Volkswagen
247,2011 Volkswagen Golf 2-Door,Volkswagen
248,2011 Ford Edge,Ford
249,2011 Volkswagen Golf 4-Door,Volkswagen
250,2012 Audi S5 Coupe,Audi
251,2012 Ford Edge,Ford
252,2010 Ford Edge,Ford
253,2011 Audi S5 Coupe,Audi
254,2010 Audi S5 Coupe,Audi
255,2011 Audi S6,Audi
256,2010 Audi S6,Audi
257,2011 Honda Civic Sedan,Honda
258,2012 Chevrolet Corvette Z06,Chevrolet
259,2011 Chevrolet Corvette Z06,Chevrolet
260,2010 Chevrolet Corvette Z06,Chevrolet
261,2012 Chevrolet Corvette Convertible,Chevrolet
262,2010 Nissan Pathfinder,Nissan
263,2010  Volkswagen Routan,Volkswagen
264,2009 Nissan Pathfinder,Nissan
265,2011 Volkswagen Routan,Volkswagen
266,2010 Volkswagen Tiguan,Volkswagen
267,2012 Hyundai Sonata,Hyundai
268,2011 Hyundai Sonata,Hyundai
269,2010 Hyundai Sonata,Hyundai
270,2011 Honda CR-Z,Honda
271,2011 Hyundai Veracruz,Hyundai
272,2010 Hyundai Veracruz,Hyundai
273,2011 Honda Fit,Honda
274,2011 Hyundai Sonata Hybrid,Hyundai
275,2012 Hyundai Tucson,Hyundai
276,2011 Mazda CX-7,Mazda
277,2012 Ford Flex,Ford
278,2010 Honda Fit,Honda
279,2011 Ford Flex,Ford
280,2010 Mazda CX-7,Mazda
281,2011 Hyundai Tucson,Hyundai
282,2012 Audi R8 Spyder,Audi
283,2010 Ford Flex,Ford
284,2011 Mazda CX-9,Mazda
285,2011 Volkswagen Tiguan,Volkswagen
286,2010 Volkswagen Touareg,Volkswagen
287,2010 Mercedes-Benz CL-Class,Mercedes
288,2010 Mercedes-Benz CL-Class,Mercedes-Benz
289,2010 Mercedes-Benz CL-Class,AMG
290,2011 BMW 1 Series Convertible,BMW Motorrad
291,2011 BMW 1 Series Convertible,BMW
292,2011 Mercedes-Benz CL-Class,Mercedes-Benz
293,2011 Mercedes-Benz CL-Class,AMG
294,2010 BMW 1 Series Coupe,BMW Motorrad
295,2010 Hyundai Tucson,Hyundai
296,2011 BMW 1 Series Coupe,BMW Motorrad
297,2010 Mercedes-Benz CLS-Class,Mercedes
298,2010 Mercedes-Benz CLS-Class,AMG
299,2011 Chevrolet Corvette Convertible,Chevrolet
300,2011 Mercedes-Benz CLS-Class,Mercedes-AMG
301,2010 Chevrolet Corvette Convertible,Chevrolet
302,2012 Mitsubishi Eclipse Coupe,Mitsubishi
303,2011 Mitsubishi Eclipse Coupe,Mitsubishi
304,2010 Mitsubishi Eclipse Coupe,Mitsubishi
305,2012 Chevrolet Corvette Coupe,Chevrolet
306,2010 Toyota RAV4,Toyota
307,2012 Mitsubishi Eclipse Spyder,Mitsubishi
308,2011 Chevrolet Corvette Coupe,Chevrolet
309,2011 Mitsubishi Eclipse Spyder,Mitsubishi
310,2010 Mitsubishi Eclipse Spyder,Mitsubishi
311,2011 Mitsubishi Endeavor,Mitsubishi
312,2010 Mitsubishi Endeavor,Mitsubishi
313,2011 Mitsubishi Galant,Mitsubishi
314,2010 Mitsubishi Galant,Mitsubishi
315,2011 Cadillac CTS-V Sedan,Cadillac
316,2011 Mitsubishi Lancer,Mitsubishi
317,2010 Mitsubishi Lancer,Mitsubishi
318,2010 Cadillac CTS-V Sedan,Cadillac
319,2011 Cadillac CTS-V Coupe,Cadillac
320,2011 Cadillac CTS-V Wagon,Cadillac
321,2011 Cadillac CTS Sport Sedan,Cadillac
322,2010 Cadillac CTS Sport Sedan,Cadillac
323,2011 Toyota Sequoia,Toyota
324,2010 BMW 3 Series Convertible,BMW Motorrad
325,2010 BMW 3 Series Convertible,BMW
326,2009 Infiniti EX,Infiniti
327,2011 Mercedes-Benz E-Class Cabriolet,Mercedes
328,2011 BMW 3 Series Convertible,BMW Motorrad
329,2011 BMW 3 Series Convertible,BMW
330,2010 Infiniti EX,Infiniti
331,2010 Mercedes-Benz E-Class Coupe,Mercedes
332,2011 Mercedes-Benz E-Class Coupe,Mercedes
333,2010 Chevrolet Corvette Coupe,Chevrolet
334,2010 Mercedes-Benz E-Class Sedan,Mercedes
335,2010 Mercedes-Benz E-Class Sedan,AMG
336,2010 BMW 3 Series Coup,BMW Motorrad
337,2010 BMW 3 Series Coup,BMW
338,2012 Chevrolet Corvette ZR1,Chevrolet
339,2011 Chevrolet Corvette ZR1,Chevrolet
340,2010 Chevrolet Corvette ZR1,Chevrolet
341,2011 Nissan Sentra,Nissan
342,2012 Chevrolet Corvette Grand Sport Coupe,Chevrolet
343,2011 BMW 3 Series Coup,BMW
344,2011 BMW 3 Series Coup,BMW Motorrad
345,2011 Chevrolet Corvette Grand Sport Coupe,Chevrolet
346,2011 Mercedes-Benz E-Class Sedan,Mercedes
347,2011 Mercedes-Benz E-Class Sedan,AMG
348,2010 Chevrolet Corvette Grand Sport Coupe,Chevrolet
349,2011 Mercedes-Benz E-Class Wagon,Mercedes
350,2010 Mercedes-Benz G-Class,Mercedes
351,2010 Mercedes-Benz G-Class,Mercedes-AMG
352,2011 Mercedes-Benz G-Class,Mercedes
353,2011 Mercedes-Benz G-Class,Mercedes-AMG
354,2012 Chevrolet Corvette Grand Sport Convertible,Chevrolet
355,2011 Chevrolet Corvette Grand Sport Convertible,Chevrolet
356,2010 Chevrolet Corvette Grand Sport Convertible,Chevrolet
357,2011 Cadillac Escalade ESV,Cadillac
358,2011 Mitsubishi Lancer Evolution,Mitsubishi
359,2010 Mitsubishi Lancer Evolution,Mitsubishi
360,2011 Mitsubishi Lancer Sportback,Mitsubishi
361,2010 Mitsubishi Lancer Sportback,Mitsubishi
362,2011 Mitsubishi Outlander,Mitsubishi
363,2010 Mitsubishi Outlander,Mitsubishi
364,2011 Cadillac CTS Coupe,Cadillac
365,2010 Toyota Sequoia,Toyota
366,2011 Mitsubishi Outlander Sport,Mitsubishi
367,2011 Cadillac DTS,Cadillac
368,2011 Infiniti EX,Infiniti
369,2010 BMW 3 Series Sedan,BMW
370,2010 BMW 3 Series Sedan,BMW Motorrad
371,2010 Mercedes-Benz GL-Class,Mercedes
372,2010 Mercedes-Benz GL-Class,Mercedes-Benz
373,2010 Nissan Sentra,Nissan
374,2011 Mercedes-Benz GL-Class,Mercedes
375,2011 Mercedes-Benz GL-Class,Mercedes-Benz
376,2011 Nissan Versa Hatchback,Nissan
377,2010 Nissan Versa Hatchback,Nissan
378,2010 Mercedes-Benz GLK-Class,Mercedes
379,2011 Mercedes-Benz GLK-Class,Mercedes
380,2011 BMW 3 Series Sedan,BMW
381,2011 BMW 3 Series Sedan,BMW Motorrad
382,2012 Ford Escape,Ford
383,2011 Ford Escape,Ford
384,2010 Mercedes-Benz R-Class,Mercedes
385,2011 Mercedes-Benz R-Class,Mercedes
386,2012 Chevrolet Cruze,Chevrolet
387,2010 BMW 3 Series Sports Wagon,BMW Motorrad
388,2011 Chevrolet Cruze,Chevrolet
389,2011 Cadillac SRX,Cadillac
390,2010 Ford Escape,Ford
391,2011 Nissan Versa Sedan,Nissan
392,2010 Nissan Versa Sedan,Nissan
393,2011 BMW 3 Series Sports Wagon,BMW Motorrad
394,2010 Cadillac Escalade ESV,Cadillac
395,2011 Cadillac Escalade Hybrid,Cadillac
396,2011 Dodge Avenger,Dodge
397,2011 Honda CR-V,Honda
398,2010 Dodge Avenger,Dodge
399,2010 Honda CR-V,Honda
400,2010 Cadillac Escalade Hybrid,Cadillac
401,2010 Cadillac DTS,Cadillac
402,2011 Honda Element,Honda
403,2010 Cadillac SRX,Cadillac
404,2011 Cadillac Escalade,Cadillac
405,2011 Nissan Xterra,Nissan
406,2010 Nissan Xterra,Nissan
407,2012 Nissan Altima Coupe,Nissan
408,2010 BMW 5 Series Sedan,BMW
409,2010 BMW 5 Series Sedan,BMW Motorrad
410,2010 Mercedes-Benz M-Class,Mercedes
411,2010 Mercedes-Benz M-Class,Mercedes-AMG
412,2011 Mercedes-Benz M-Class,Mercedes
413,2010 BMW 5 Series Sedan,Mercedes
414,2012 Nissan Sentra,Nissan
415,2012 Nissan Versa Hatchback,Nissan
416,2011 Toyota Sienna,Toyota
417,2011 BMW 5 Series Sedan,BMW
418,2012 Nissan Versa Sedan,Nissan
419,2011 Mercedes-Benz SL-Class,Mercedes
420,2011 Mercedes-Benz SL-Class,AMG
421,2011 Mercedes-Benz SL-Class,Mercedes-AMG
422,2010 Mercedes-Benz SLK-Class,Mercedes
423,2010 Mercedes-Benz SLK-Class,Mercedes-Benz
424,2010 Mercedes-Benz SLK-Class,Mercedes-AMG
425,2011 Mercedes-Benz SLK-Class,Mercedes
426,2011 Mercedes-Benz SLK-Class,Mercedes-Benz
427,2011 Lincoln MKS,Lincoln
428,2010 Lincoln MKS,Lincoln
429,2010 BMW 5 Series Sports Wagon,BMW
430,2011 Lincoln MKT,Lincoln
431,2010 Lincoln MKT,Lincoln
432,2011 Lincoln MKX,Lincoln
433,2010 Lincoln MKX,Lincoln
434,2010 Cadillac Escalade,Cadillac
435,2011 Lincoln MKZ Sedan,Lincoln
436,2010 Lincoln MKZ Sedan,Lincoln
437,2010 Mazda CX-9,Mazda
438,2010 Toyota Sienna,Toyota
439,2010 Honda Element,Honda
440,2011 Mazda Mazda2,Mazda
441,2011 Mazda Mazda3 4-Door,Mazda
442,2011 Mazda Mazda3 5-Door,Mazda
443,2012 Ford Explorer,Ford
444,2010 Mazda Mazda3 5-Door,Mazda
445,2011 Ford Explorer,Ford
446,2010 Mazda Mazda3 4-Door,Mazda
447,2011 Mazda Mazdaspeed3,Mazda
448,2010 Mazda Mazdaspeed3,Mazda
449,2010 Ford Explorer,Ford
450,2012 Mazda Mazda5,Mazda
451,2010 Mazda Mazda5,Mazda
452,2011 Honda Pilot,Honda
453,2012 Mazda Mazda6,Mazda
454,2011 Cadillac CTS Sport Wagon,Cadillac
455,2011 Lincoln Navigator,Lincoln
456,2010 Lincoln Navigator,Lincoln
457,2011 Lincoln Town Car,Lincoln
458,2010 Lincoln Town Car,Lincoln
459,2010 BMW 5 Series Gran Turismo,BMW
460,2010 Infiniti FX,Infiniti
461,2010 Cadillac CTS Sport Wagon,Cadillac
462,2011 Infiniti FX,Infiniti
463,2012 Infiniti M Hybrid,Infiniti
464,2011 Cadillac STS,Cadillac
465,2009 Infiniti M,Infiniti
466,2011 Dodge Caliber,Dodge
467,2010 Dodge Caliber,Dodge
468,2011 BMW 5 Series Gran Turismo,BMW
469,2011 Dodge Challenger,Dodge
470,2010 BMW 6 Series Convertible,BMW
471,2010 Infiniti M,Infiniti
472,2010 Dodge Challenger,Dodge
473,2011 Infiniti M,Infiniti
474,2011 Toyota Venza,Toyota
475,2012 Infiniti M,Infiniti
476,2010 Cadillac STS,Cadillac
477,2011 Ford Expedition,Ford
478,2011 Dodge Charger,Dodge
479,2011 Mazda Mazda6,Mazda
480,2011 GMC Acadia,GMC
481,2010 Mazda Mazda6,Mazda
482,2010 Dodge Charger,Dodge
483,2011 Dodge Durango,Dodge
484,2010 Ford Expedition,Ford
485,2011 Mazda MX-5 Miata,Mazda
486,2010 Mazda MX-5 Miata,Mazda
487,2011 Mazda RX-8,Mazda
488,2011 Infiniti G25,Infiniti
489,2010 Mazda RX-8,Mazda
490,2010 Toyota Venza,Toyota
491,2011 Toyota Yaris 5-Door Liftback,Toyota
492,2012 Chevrolet Equinox,Chevrolet
493,2010 Toyota Yaris 5-Door Liftback,Toyota
494,2011 Toyota Yaris 3-Door Liftback,Toyota
495,2011 Chevrolet Equinox,Chevrolet
496,2010 Toyota Yaris 3-Door Liftback,Toyota
497,2011 Toyota Yaris Sedan,Toyota
498,2012 Ford Transit Connect Van,Ford
499,2012 Ford Transit Connect Wagon,Ford
500,2011 Transit Connect Van,Ford
501,2011 Transit Connect Wagon,Ford
502,2010 Transit Connect Van,Ford
503,2010 Transit Connect Wagon,Ford
504,2010 Ford Crown Victoria,Ford
505,2011 Porsche 911 Coupe,Porsche
506,2009 Infiniti G37 Convertible,Infiniti
507,2011 Mazda Tribute,Mazda
508,2010 Mazda Tribute,Mazda
509,2010 Toyota Yaris Sedan,Toyota
510,2012 Toyota Yaris 3-Door Liftback,Toyota
511,2011 Porsche 911 Cabriolet,Porsche
512,2011 Dodge Grand Caravan,Dodge
513,2010 Jeep Commander,Jeep
514,2011 Jeep Compass,Jeep
515,2010 GMC Acadia,GMC
516,2011 GMC Canyon,GMC
517,2010 GMC Terrain,GMC
518,2010 GMC Canyon,GMC
519,2010 Infiniti G37 Convertible,Infiniti
520,2010 Honda Pilot,Honda
521,2012 Toyota Yaris 5-Door Liftback,Toyota
522,2012 Toyota Highlander,Toyota
523,2010 Dodge Grand Caravan,Dodge
524,2010 Jeep Compass,Jeep
525,2011 Chevrolet Equinox,Jeep
526,2011 Dodge Journey,Dodge
527,2011 Infiniti G37 Convertible,Infiniti
528,2010 Infiniti G37 Sedan,Infiniti
529,2010 BMW 6 Series Coup,BMW
530,2011 Infiniti G37 Sedan,Infiniti
531,2009 BMW 7 Series,BMW
532,2010 BMW 7 Series,BMW
533,2010 Chevrolet Equinox,Chevrolet
534,2011 BMW 7 Series,BMW
535,2011 BMW 7 Series,Mercedes
536,2010 Dodge Journey,Dodge
537,2011 BMW ActiveHybrid 7 Sedan,BMW
538,2011 Dodge Nitro,Dodge
539,2011 BMW ActiveHybrid 7 Sedan,Dodge
540,2011 Dodge Nitro,Chevrolet
541,2011 BMW ALPINA B7 Sedan,BMW
542,2010 Lexus ES,Lexus
543,2010 Dodge Nitro,Dodge
544,2011 Infiniti G37 Coupe,Infiniti
545,2011 Infiniti IPL G Coupe,Infiniti
546,2011 GMC Terrain,GMC
547,2011 GMC Yukon,GMC
548,2010 Porsche 911 Coupe,Porsche
549,2010 GMC Yukon,GMC
550,2010 Infiniti G37 Coupe,Infiniti
551,2011 GMC Yukon XL,GMC
552,2010 GMC Yukon XL,GMC
553,2010 Infiniti QX56,Infiniti
554,2011 Infiniti QX56,Infiniti
555,2010 Acura MDX,Acura
556,2011 Acura MDX,Acura
557,2010 Acura RDX,Acura
558,2011 Acura RDX,Acura
559,2010 BMW M3 Convertible,BMW
560,2010 Acura ZDX,Acura
561,2011 Acura ZDX,Acura
562,2011 BMW M3 Convertible,BMW
563,2010 Acura RL,Acura
564,2011 Acura RL,Acura
565,2010 Acura TL,Acura
566,2010 BMW M3 Coup,BMW
567,2011 BMW M3 Coup,BMW
568,2011 Acura TL,Acura
569,2010 BMW M3 Sedan,BMW
570,2011 BMW M3 Sedan,BMW
571,2010 Acura TSX,Acura
572,2011 Acura TSX,Acura
573,2011 Acura TSX Sport Wagon,Acura
574,2011 GMC Yukon Hybrid,GMC
575,2010 GMC Yukon Hybrid,GMC
576,2010 Porsche 911 Cabriolet,Porsche
577,2011 GMC Savana,GMC
578,2011 Porsche Boxster,Porsche
579,2010 Dodge Viper Coup,Dodge
580,2010 Dodge Viper Convertible,Dodge
581,2010 Porsche Boxster,Porsche
582,2011 Porsche Cayenne S Hybrid,Porsche
583,2011 Porsche Cayenne,Porsche
584,2010 Porsche Cayenne,Porsche
585,2011 Chevrolet HHR Wagon,Chevrolet
586,2010 Chevrolet HHR Wagon,Chevrolet
587,2011 Chevrolet HHR Panel,Chevrolet
588,2010 Chevrolet HHR Panel,Chevrolet
589,2011 Porsche Cayman,Porsche
590,2010 Porsche Cayman,Porsche
591,2012 Chevrolet Impala,Chevrolet
592,2011 Chevrolet Impala,Chevrolet
593,2011 Subaru Forester,Subaru
594,2010 Chevrolet Impala,Chevrolet
595,2011 Buick Enclave,Buick
596,2010 Buick Enclave,Buick
597,2011 Suzuki Grand Vitara,Suzuki
598,2011 Buick Lacrosse,Buick
599,2010 Buick Lacrosse,Buick
600,2010 Suzuki Grand Vitara,Suzuki
601,2011 Honda Odyssey,Honda
602,2010 GMC Sierra 1500,GMC
603,2010 Honda Odyssey,Honda
604,2010 GMC Savana,GMC
605,2011 Suzuki Kizashi,Suzuki
606,2010 Suzuki Kizashi,Suzuki
607,2011 Saab 9-3 Convertible,Saab
608,2010 Saab 9-3 Convertible,Saab
609,2011 Suzuki SX4 Sedan,Suzuki
610,2010 Suzuki SX4 Sportback,Suzuki
611,2011 Suzuki SX4 Sportback,Suzuki
612,2010 Suzuki SX4 Sedan,Suzuki
613,2011 Saab 9-3 Sport Sedan,Saab
614,2010 Subaru Forester,Subaru
615,2011 Lexus ES,Lexus
616,2010 Lexus GS,Lexus
617,2012 Subaru Impreza Sedan,Subaru
618,2011 Buick Lucerne,Buick
619,2010 Buick Lucerne,Buick
620,2011 Buick Regal,Buick
621,2011 Aston Martin DB9 Volante,Aston Martin
622,2010 Saab 9-3 Sport Sedan,Saab
623,2011 Jeep Grand Cherokee,Grand Cherokee
624,2010 Aston Martin DB9 Volante,Aston Martin
625,2010 Subaru Impreza WRX Sedan,Subaru
626,2011 Subaru Impreza WRX Sedan,Subaru
627,2010 Subaru Impreza Sedan,Subaru
628,2011 Subaru Impreza Sedan,Subaru
629,2010 Jeep Grand Cherokee,Grand Cherokee
630,2011 Jeep Liberty,Jeep
631,2011 Land Rover LR2,Land Rover
632,2010 Land Rover LR2,Land Rover
633,2011 Land Rover LR4,Land Rover
634,2010 Land Rover LR4,Land Rover
635,2010 Jeep Liberty,Jeep
636,2011 Land Rover Range Rover,Land Rover
637,2010 Land Rover Range Rover,Land Rover
638,2012 Land Rover Range Rover Evoque,Land Rover
639,2011 Chrysler 200 Convertible,Chrysler
640,2010 Ferrari 612 Scaglietti,Ferrari
641,2011 Land Rover Range Rover Sport,Land Rover
642,2010 Chrysler Sebring Convertible,Chrysler
643,2010 Land Rover Range Rover Sport,Land Rover
644,2010 Chrysler Sebring Sedan,Chrysler
645,2011 Saab 9-3 SportCombi,Saab
646,2012 Scion tC,Scion
647,2011 Scion tC,Scion
648,2010 Scion tC,Scion
649,2011 Aston Martin DB9 Coup,Aston Martin
650,2010 Aston Martin DB9 Coup,Aston Martin
651,2010 Saab 9-3 SportCombi,Saab
652,2012 MINI Cooper Hardtop,MINI
653,2011 MINI Cooper Hardtop,MINI
654,2010 MINI Cooper Hardtop,MINI
655,2012 MINI Cooper Convertible,MINI
656,2011 MINI Cooper Convertible,MINI
657,2010 MINI Cooper Convertible,MINI
658,2011 Jaguar XJ,Jaguar
659,2012 Chevrolet Malibu,Chevrolet
660,2012 MINI Clubman,MINI
661,2011 Aston Martin DBS Volante,Aston Martin
662,2011 MINI Clubman,MINI
663,2010 MINI Clubman,MINI
664,2011 Aston Martin Rapide,Aston Martin
665,2011 Chrysler 200 Sedan,Chrysler
666,2011 Jaguar XK Convertible,Jaguar
667,2011 Jaguar XK Coup,Jaguar
668,2011 Chrysler 300,Chrysler
669,2010 Jaguar XK Convertible,Jaguar
670,2010 Jaguar XK Coup,Jaguar
671,2011 Jaguar XF,Jaguar
672,2011 Jeep Patriot,Jeep
673,2010 Chrysler 300,Chrysler
674,2010 Chrysler 300,Chrysler Group LLC
675,2011 Chrysler Town and Country,Chrysler
676,2010 Chrysler Town and Country,Chrysler
677,2010 Jaguar XF,Jaguar
678,2010 Jeep Patriot,Jeep
679,2011 Lotus Elise,Lotus
680,2010 Lotus Elise,Lotus
681,2009 Lotus Elise,Lotus
682,2011 Chevrolet Malibu,Chevrolet
683,2011 Lotus Evora,Lotus
684,2012 MINI Countryman,MINI
685,2011 MINI Countryman,MINI
686,2010 Chevrolet Malibu,Chevrolet
687,2011 Lotus Exige,Lotus
688,2010 Lotus Exige,Lotus
689,2009 Lotus Exige,Lotus
690,2012 Chevrolet Sonic Sedan,Chevrolet
691,2010 Chevrolet Malibu Hybrid,Chevrolet
692,2011 Maserati GranTurismo Coup,Maserati
693,2010 Maserati GranTurismo Coup,Maserati
694,2011 Maserati GranTurismo Convertible,Maserati
695,2010 Maserati GranTurismo Convertible,Maserati
696,2011 Maserati Quattroporte,Maserati
697,2011 Jeep Wrangler,Jeep
698,2010 Jeep Wrangler,Jeep
699,2010 Maserati Quattroporte,Maserati
700,2011 Honda Ridgeline,Honda
701,2010 Honda Ridgeline,Honda
702,2012 MINI Cooper Coupe,MINI
703,2011 Mercury Grand Marquis,Mercury
704,2010 Mercury Grand Marquis,Mercury
705,2011 Mercury Mariner,Mercury
706,2010 BMW M6 Convertible,BMW
707,2010 BMW M6 Coup,BMW
708,2010 BMW X3,BMW
709,2012 Toyota Camry,Toyota
710,2011 BMW X3,BMW
711,2012 Toyota FJ Cruiser,Toyota
712,2012 Chevrolet Sonic Hatchback,Chevrolet
713,2011 Chevrolet Suburban Half-Ton,Chevrolet
714,2011 Chevrolet Suburban Three-Quarter-Ton,Chevrolet
715,2010 Chevrolet Suburban,Chevrolet
716,2011 Subaru Impreza Hatchback,Subaru
717,2011 Subaru Impreza WRX Hatchback,Subaru
718,2010 Subaru Impreza Hatchback,Subaru
719,2010 Subaru Impreza WRX Hatchback,Subaru
720,2011 Dodge Ram 1500,Dodge
721,2011 GMC Sierra 1500,GMC
722,2011 Chevrolet Tahoe,Chevrolet
723,2010 Chevrolet Tahoe,Chevrolet
724,2011 Chevrolet Tahoe Hybrid,Chevrolet
725,2010 Chevrolet Tahoe Hybrid,Chevrolet
726,2010 BMW Z4 Roadster,BMW
727,2012 Chevrolet Traverse,Chevrolet
728,2011 BMW Z4 Roadster,BMW
729,2011 Cadillac Escalade EXT,Cadillac
730,2010 Cadillac Escalade EXT,Cadillac
731,2011 Saab 9-4X,Saab
732,2010 Aston Martin Rapide,Aston Martin
733,2011 Aston Martin V12 Vantage,Aston Martin
734,2011 Saab 9-5 Sedan,Saab
735,2010 Saab 9-5 Sedan,Saab
736,2010 Mercury Mariner,Mercury
737,2011 Chevrolet Traverse,Chevrolet
738,2010 Chevrolet Traverse,Chevrolet
739,2011 Mercury Milan,Mercury
740,2010 Mercury Milan,Mercury
741,2011 Lexus GS,Lexus
742,2011 Aston Martin V8 Vantage Roadster,Aston Martin
743,2010 Aston Martin V8 Vantage Roadster,Aston Martin
744,2011 Aston Martin V8 Vantage Coup,Aston Martin
745,2010 Aston Martin V8 Vantage Coup,Aston Martin
746,2011 Chevrolet Avalanche,Chevrolet
747,2010 Chevrolet Avalanche,Chevrolet
748,2011 Subaru Legacy,Subaru
749,2010 Dodge Ram 1500,Dodge
750,2010 Lexus IS,Lexus
751,2011 Lexus IS,Lexus
752,2011 Toyota Tacoma,Toyota
753,2010 Toyota Tacoma,Toyota
754,2012 Scion xB,Scion
755,2011 Scion xB,Scion
756,2010 Scion xB,Scion
757,2011 Scion xD,Scion
758,2011 Aston Martin Virage Volante,Aston Martin
759,2010 Scion xD,Scion
760,2012 Aston Martin Virage Volante,Aston Martin
761,2011 Toyota Tundra,Toyota
762,2010 Lexus IS C,Lexus
763,2011 Lexus IS C,Lexus
764,2010 Jaguar XJ,Jaguar
765,2010 Subaru Legacy,Subaru
766,2011 Aston Martin Virage Coup,Aston Martin
767,2012 Aston Martin Virage Coup,Aston Martin
768,2011 Suzuki Equator,Suzuki
769,2011 Nissan Frontier,Nissan
770,2011 Subaru Outback,Subaru
771,2010 Suzuki Equator,Suzuki
772,2010 Subaru Outback,Subaru
773,2011 Chevrolet Silverado 1500 Hybrid,Chevrolet
774,2010 Chevrolet Silverado 1500 Hybrid,Chevrolet
775,2009 Chevrolet Silverado 1500 Hybrid,Chevrolet
776,2011 Ford Ranger,Ford
777,2010 Mercedes-Benz R-Class,Ford
778,2010 Lexus IS F,Lexus
779,2011 lexus IS F,Lexus
780,2010 Nissan Frontier,Nissan
781,2010 Lexus LX,Lexus
782,2011 Lexus LX,Lexus
783,2010 Ford Ranger,Ford
784,2012 Ford E-150 Wagon,Ford
785,2011 Ford E-150 Wagon,Ford
786,2012 Buick Enclave,Buick
787,2012 Ford E-350 Super Duty Wagon,Ford
788,2011 Ford E-350 Super Duty Wagon,Ford
789,2012 Buick Lacrosse,Buick
790,2011 Dodge Dakota,Dodge
791,2012 Buick Regal,Buick
792,2012 Ford E-150 Van,Ford
793,2010 Toyota Tundra,Toyota
794,2011 Ford E-150 Van,Ford
795,2011 Nissan Titan,Nissan
796,2010 Dodge Dakota,Dodge
797,2012 Ford E-250 Van,Ford
798,2011 Ford E-250 Van,Ford
799,2012 Ford E-350 Super Duty Van,Ford
800,2011 Ford E-350 Super Duty Van,Ford
801,2010 Nissan Titan,Nissan
802,2012 Nissan Titan,Nissan
803,2011 Ford F-150,Ford
804,2010 Ford F-150,Ford
805,2011 GMC Sierra 1500 Hybrid,GMC
806,2010 GMC Sierra 1500 Hybrid,GMC
807,2012 BMW 1 Series Convertible,BMW Motorrad
808,2012 BMW 1 Series Convertible,BMW
809,2012 BMW 1 Series Coup,BMW Motorrad
810,2012 BMW 1 Series Coup,BMW
811,2012 BMW 3 Series Sports Wagon,BMW Motorrad
812,2012 Ford Focus 5-Door,Ford
813,2012 Nissan 370Z Roadster,Nissan
814,2012 Nissan 370Z Coupe,Nissan
815,2012 Nissan JUKE,Nissan
816,2012 Hyundai Veloster,Hyundai
817,2012 Hyundai Equus,Hyundai
818,2012 Hyundai Santa Fe,Hyundai
819,2012 Ford Expedition,Ford
820,2012 Nissan Xterra,Nissan
821,2012 Nissan Pathfinder,Nissan
822,2012 Hyundai Veracruz,Hyundai
823,2012 Infiniti G25,Infiniti
824,2012 Infiniti G37 Sedan,Infiniti
825,2012 Infiniti G37 Coupe,Infiniti
826,2012 Volvo C30,Volvo
827,2012 Jeep Compass,Jeep
828,2012 Nissan Armada,Nissan
829,2012 Lexus IS,Lexus
830,2012 Lexus IS C,Lexus
831,2012 Lexus IS F,Lexus
832,2012 Lexus ES,Lexus
833,2012 Lexus LS,Lexus
834,2012 Toyota Sienna,Toyota
835,2012 Audi A5 Cabriolet,Audi
836,2012 Audi A8,Audi
837,2012 Audi TT RS,Audi
838,2012 Honda Accord Sedan,Honda
839,2012 Honda Accord Coupe,Honda
840,2012 Lexus RX,Lexus
841,2012 Infiniti G37 Convertible,Infiniti
842,2012 Infiniti IPL G Coupe,Infiniti
843,2012 Lexus LFA,Lexus
844,2012 Infiniti EX,Infiniti
845,2012 Infiniti FX,Infiniti
846,2012 Infiniti QX56,Infiniti
847,2012 Dodge Durango,Dodge
848,2012 Jeep Grand Cherokee,Grand Cherokee
849,2012 Toyota 4Runner,Toyota
850,2012 Mazda Mazda2,Mazda
851,2012 Toyota Sequoia,Toyota
852,2012 Mazda Mazda3 4-Door,Mazda
853,2012 Dodge Charger,Dodge
854,2012 Volkswagen Tiguan,Volkswagen
855,2012 Dodge Challenger,Dodge
856,2012 Dodge Avenger,Dodge
857,2012 Dodge Caliber,Dodge
858,2012 Volkswagen Jetta,Volkswagen
859,2012 Volkswagen Jetta SportWagen,Volkswagen
860,2012 Volkswagen CC,Volkswagen
861,2012 Mazda Mazda3 5-Door,Mazda
862,2012 Mazda Mazdaspeed3,Mazda
863,2012 Dodge Grand Caravan,Dodge
864,2012 Mazda MX-5 Miata,Mazda
865,2012 Dodge Journey,Dodge
866,2012 Mazda CX-9,Mazda
867,2012 Kia Forte,Kia
868,2012 Kia Forte Koup,Kia
869,2012 Kia Forte 5-Door,Kia
870,2012 Honda Civic Sedan,Honda
871,2012 Kia Optima,Kia
872,2012 Kia Rio 5-Door,Kia
873,2012 Kia Soul,Kia
874,2012 Volkswagen Passat,Volkswagen
875,2012 Volkswagen Touareg,Volkswagen
876,2012 Volkswagen Touareg Hybrid,Volkswagen
877,2012 GMC Acadia,GMC
878,2012 GMC Terrain,GMC
879,2012 GMC Yukon,GMC
880,2012 GMC Yukon XL,GMC
881,2012 GMC Yukon Hybrid,GMC
882,2012 Volvo C70,Volvo
883,2012 GMC Savana,GMC
884,2012 Honda Civic Coupe,Honda
885,2012 Volkswagen Golf 2-Door,Volkswagen
886,2012 Volkswagen Golf 4-Door,Volkswagen
887,2012 Volkswagen Golf R 2-Door,Volkswagen
888,2012 Cadillac CTS Coupe,Cadillac
889,2012 Jaguar XF,Jaguar
890,2012 Jaguar XJ,Jaguar
891,2012 Cadillac CTS Sport Sedan,Cadillac
892,2012 Jaguar XK Coup,Jaguar
893,2012 Jaguar XK Convertible,Jaguar
894,2012 Jeep Liberty,Jeep
895,2012 Cadillac CTS Sport Wagon,Cadillac
896,2012 Honda Accord Crosstour Hatchback,Honda
897,2012 Cadillac CTS-V Coupe,Cadillac
898,2012 Cadillac CTS-V Sedan,Cadillac
899,2012 Volkswagen Golf R 4-Door,Volkswagen
900,2012 Volkswagen Routan,Volkswagen
901,2012 Volkswagen GTI 2-Door,Volkswagen
902,2012 Volkswagen GTI 4-Door,Volkswagen
903,2012 Jeep Patriot,Jeep
904,2012 Volkswagen Beetle,Volkswagen
905,2012 Cadillac CTS-V Wagon,Cadillac
906,2012 Jeep Wrangler,Jeep
907,2012 Cadillac SRX Crossover,Cadillac
908,2012 BMW 3 Series Coup,BMW Motorrad
909,2012 BMW 3 Series Coup,BMW
910,2012 Land Rover LR4,Land Rover
911,2012 Cadillac Escalade,Cadillac
912,2012 Cadillac Escalade Hybrid,Cadillac
913,2012 Cadillac Escalade ESV,Cadillac
914,2012 Land Rover Range Rover,Land Rover
915,2012 BMW 3 Series Convertible,BMW Motorrad
916,2012 BMW 3 Series Convertible,BMW
917,2012 Land Rover Range Rover Sport,Land Rover
918,2012 BMW 5 Series Sedan,BMW
919,2012 Aston Martin DB9 Coup,Aston Martin
920,2012 Aston Martin DB9 Volante,Aston Martin
921,2012 Acura RL,Acura
922,2012 Acura TSX,Acura
923,2012 Acura TSX Sport Wagon,Acura
924,2012 Acura ZDX,Acura
925,2012 Acura MDX,Acura
926,2012 Subaru Impreza Hatchback,Subaru
927,2012 Subaru Legacy,Subaru
928,2012 Mitsubishi Galant,Mitsubishi
929,2012 Mitsubishi Outlander,Mitsubishi
930,2012 Subaru Outback,Subaru
931,2012 Buick Verano,Buick
932,2012 Aston Martin DBS Volante,Aston Martin
933,2012 Suzuki Kizashi,Suzuki
934,2012 Aston Martin Rapide,Aston Martin
935,2012 Aston Martin V12 Vantage,Aston Martin
936,2012 Aston Martin V8 Vantage Roadster,Aston Martin
937,2012 Saab 9-3 Sport Sedan,Saab
938,2012 Subaru Forester,Subaru
939,2012 Saab 9-3 SportCombi,Saab
940,2012 Suzuki SX4 Sedan,Suzuki
941,2012 Suzuki SX4 Sportback,Suzuki
942,2012 Suzuki SX4 Crossover,Suzuki
943,2012 Aston Martin V8 Vantage Coup,Aston Martin
944,2012 Saab 9-3 Convertible,Saab
945,2012 Lincoln MKZ,Lincoln
946,2012 Lincoln MKS,Lincoln
947,2012 Lincoln MKX,Lincoln
948,2012 Lincoln MKT,Lincoln
949,2012 Bentley Mulsanne,Bentley
950,2012 Lincoln Navigator,Lincoln
951,2012 Honda CR-Z,Honda
952,2012 Honda Fit,Honda
953,2012 Honda Odyssey,Honda
954,2012 Honda Pilot,Honda
955,2012 Lamborghini Gallardo Coup,Lamborghini
956,2012 Lamborghini Gallardo Spyder,Lamborghini
957,2012 BMW 7 Series,BMW
